--
-- PostgreSQL database dump
--

-- Dumped from database version 12.7
-- Dumped by pg_dump version 14.0

-- Started on 2021-11-08 17:13:23

SET statement_timeout = 0;
SET lock_timeout = 0;
SET idle_in_transaction_session_timeout = 0;
SET client_encoding = 'UTF8';
SET standard_conforming_strings = on;
SELECT pg_catalog.set_config('search_path', '', false);
SET check_function_bodies = false;
SET xmloption = content;
SET client_min_messages = warning;
SET row_security = off;

SET default_tablespace = '';

SET default_table_access_method = heap;

--
-- TOC entry 202 (class 1259 OID 16410)
-- Name: directors; Type: TABLE; Schema: public; Owner: postgres
--

CREATE TABLE public.directors (
    directorid integer NOT NULL,
    name character varying(50) NOT NULL,
    bio character varying(1000),
    birthyear date,
    deathyear date
);


ALTER TABLE public.directors OWNER TO postgres;

--
-- TOC entry 203 (class 1259 OID 16416)
-- Name: directors_directorid_seq; Type: SEQUENCE; Schema: public; Owner: postgres
--

CREATE SEQUENCE public.directors_directorid_seq
    AS integer
    START WITH 1
    INCREMENT BY 1
    NO MINVALUE
    NO MAXVALUE
    CACHE 1;


ALTER TABLE public.directors_directorid_seq OWNER TO postgres;

--
-- TOC entry 3870 (class 0 OID 0)
-- Dependencies: 203
-- Name: directors_directorid_seq; Type: SEQUENCE OWNED BY; Schema: public; Owner: postgres
--

ALTER SEQUENCE public.directors_directorid_seq OWNED BY public.directors.directorid;


--
-- TOC entry 204 (class 1259 OID 16418)
-- Name: genres; Type: TABLE; Schema: public; Owner: postgres
--

CREATE TABLE public.genres (
    genreid integer NOT NULL,
    name character varying(50) NOT NULL,
    description character varying(1000)
);


ALTER TABLE public.genres OWNER TO postgres;

--
-- TOC entry 205 (class 1259 OID 16424)
-- Name: genres_genreid_seq; Type: SEQUENCE; Schema: public; Owner: postgres
--

CREATE SEQUENCE public.genres_genreid_seq
    AS integer
    START WITH 1
    INCREMENT BY 1
    NO MINVALUE
    NO MAXVALUE
    CACHE 1;


ALTER TABLE public.genres_genreid_seq OWNER TO postgres;

--
-- TOC entry 3871 (class 0 OID 0)
-- Dependencies: 205
-- Name: genres_genreid_seq; Type: SEQUENCE OWNED BY; Schema: public; Owner: postgres
--

ALTER SEQUENCE public.genres_genreid_seq OWNED BY public.genres.genreid;


--
-- TOC entry 206 (class 1259 OID 16426)
-- Name: movies; Type: TABLE; Schema: public; Owner: postgres
--

CREATE TABLE public.movies (
    movieid integer NOT NULL,
    title character varying(50) NOT NULL,
    description character varying(1000),
    directorid integer NOT NULL,
    genreid integer NOT NULL,
    imageurl character varying(300),
    featured boolean,
    release_year character varying(50)
);


ALTER TABLE public.movies OWNER TO postgres;

--
-- TOC entry 207 (class 1259 OID 16432)
-- Name: movies_movieid_seq; Type: SEQUENCE; Schema: public; Owner: postgres
--

CREATE SEQUENCE public.movies_movieid_seq
    AS integer
    START WITH 1
    INCREMENT BY 1
    NO MINVALUE
    NO MAXVALUE
    CACHE 1;


ALTER TABLE public.movies_movieid_seq OWNER TO postgres;

--
-- TOC entry 3872 (class 0 OID 0)
-- Dependencies: 207
-- Name: movies_movieid_seq; Type: SEQUENCE OWNED BY; Schema: public; Owner: postgres
--

ALTER SEQUENCE public.movies_movieid_seq OWNED BY public.movies.movieid;


--
-- TOC entry 208 (class 1259 OID 16434)
-- Name: user_movies; Type: TABLE; Schema: public; Owner: postgres
--

CREATE TABLE public.user_movies (
    usermovieid integer NOT NULL,
    userid integer,
    movieid integer
);


ALTER TABLE public.user_movies OWNER TO postgres;

--
-- TOC entry 209 (class 1259 OID 16437)
-- Name: user_movies_usermovieid_seq; Type: SEQUENCE; Schema: public; Owner: postgres
--

CREATE SEQUENCE public.user_movies_usermovieid_seq
    AS integer
    START WITH 1
    INCREMENT BY 1
    NO MINVALUE
    NO MAXVALUE
    CACHE 1;


ALTER TABLE public.user_movies_usermovieid_seq OWNER TO postgres;

--
-- TOC entry 3873 (class 0 OID 0)
-- Dependencies: 209
-- Name: user_movies_usermovieid_seq; Type: SEQUENCE OWNED BY; Schema: public; Owner: postgres
--

ALTER SEQUENCE public.user_movies_usermovieid_seq OWNED BY public.user_movies.usermovieid;


--
-- TOC entry 210 (class 1259 OID 16439)
-- Name: users; Type: TABLE; Schema: public; Owner: postgres
--

CREATE TABLE public.users (
    userid integer NOT NULL,
    username character varying(50) NOT NULL,
    password character varying(50) NOT NULL,
    email character varying(50) NOT NULL,
    birth_date date
);


ALTER TABLE public.users OWNER TO postgres;

--
-- TOC entry 211 (class 1259 OID 16442)
-- Name: users_userid_seq; Type: SEQUENCE; Schema: public; Owner: postgres
--

CREATE SEQUENCE public.users_userid_seq
    AS integer
    START WITH 1
    INCREMENT BY 1
    NO MINVALUE
    NO MAXVALUE
    CACHE 1;


ALTER TABLE public.users_userid_seq OWNER TO postgres;

--
-- TOC entry 3874 (class 0 OID 0)
-- Dependencies: 211
-- Name: users_userid_seq; Type: SEQUENCE OWNED BY; Schema: public; Owner: postgres
--

ALTER SEQUENCE public.users_userid_seq OWNED BY public.users.userid;


--
-- TOC entry 3709 (class 2604 OID 16444)
-- Name: directors directorid; Type: DEFAULT; Schema: public; Owner: postgres
--

ALTER TABLE ONLY public.directors ALTER COLUMN directorid SET DEFAULT nextval('public.directors_directorid_seq'::regclass);


--
-- TOC entry 3710 (class 2604 OID 16445)
-- Name: genres genreid; Type: DEFAULT; Schema: public; Owner: postgres
--

ALTER TABLE ONLY public.genres ALTER COLUMN genreid SET DEFAULT nextval('public.genres_genreid_seq'::regclass);


--
-- TOC entry 3711 (class 2604 OID 16446)
-- Name: movies movieid; Type: DEFAULT; Schema: public; Owner: postgres
--

ALTER TABLE ONLY public.movies ALTER COLUMN movieid SET DEFAULT nextval('public.movies_movieid_seq'::regclass);


--
-- TOC entry 3712 (class 2604 OID 16447)
-- Name: user_movies usermovieid; Type: DEFAULT; Schema: public; Owner: postgres
--

ALTER TABLE ONLY public.user_movies ALTER COLUMN usermovieid SET DEFAULT nextval('public.user_movies_usermovieid_seq'::regclass);


--
-- TOC entry 3713 (class 2604 OID 16448)
-- Name: users userid; Type: DEFAULT; Schema: public; Owner: postgres
--

ALTER TABLE ONLY public.users ALTER COLUMN userid SET DEFAULT nextval('public.users_userid_seq'::regclass);


--
-- TOC entry 3854 (class 0 OID 16410)
-- Dependencies: 202
-- Data for Name: directors; Type: TABLE DATA; Schema: public; Owner: postgres
--

INSERT INTO public.directors (directorid, name, bio, birthyear, deathyear) VALUES (30, 'Chris Columbus', 'Chris Joseph Columbus is an American film director, producer, and screenwriter.', '1958-09-10', NULL);
INSERT INTO public.directors (directorid, name, bio, birthyear, deathyear) VALUES (31, 'Peter Jackson', 'Sir Peter Robert Jackson is a New Zealand film director, screenwriter, and film producer.', '1961-10-31', NULL);
INSERT INTO public.directors (directorid, name, bio, birthyear, deathyear) VALUES (32, 'Frank Darabont', 'Ferenc Árpád Darabont is an American film director, screenwriter and producer.', '1959-01-28', NULL);
INSERT INTO public.directors (directorid, name, bio, birthyear, deathyear) VALUES (33, 'Christopher Nolan', 'Christopher Edward Nolan is a British-American film director, producer, and screenwriter.', '1970-07-30', NULL);
INSERT INTO public.directors (directorid, name, bio, birthyear, deathyear) VALUES (34, 'Gus Van Sant', 'Gus Green Van Sant Jr. is an American film director, producer, photographer and musician who has earned acclaim as both an independent and mainstream filmmaker.', '1952-07-24', NULL);
INSERT INTO public.directors (directorid, name, bio, birthyear, deathyear) VALUES (35, 'Francis Ford Coppola', 'Francis Ford Coppola is an American film director, producer, and screenwriter.', '1939-04-07', NULL);
INSERT INTO public.directors (directorid, name, bio, birthyear, deathyear) VALUES (36, 'David Fincher', 'David Andrew Leo Fincher is an American film director.', '1962-08-28', NULL);
INSERT INTO public.directors (directorid, name, bio, birthyear, deathyear) VALUES (37, 'George Lucas', 'George Walton Lucas Jr. is an American film director, producer, screenwriter, and entrepreneur.', '1944-05-14', NULL);


--
-- TOC entry 3856 (class 0 OID 16418)
-- Dependencies: 204
-- Data for Name: genres; Type: TABLE DATA; Schema: public; Owner: postgres
--

INSERT INTO public.genres (genreid, name, description) VALUES (31, 'Animated', 'Animation is a method in which pictures are manipulated to appear as moving images. In traditional animation, images are drawn or painted by hand on transparent celluloid sheets to be photographed and exhibited on film.');
INSERT INTO public.genres (genreid, name, description) VALUES (32, 'Comedy', 'Comedy is a genre of film in which the main emphasis is on humor. These films are designed to make the audience laugh through amusement and most often work by exaggerating characteristics for humorous effect.');
INSERT INTO public.genres (genreid, name, description) VALUES (28, 'Thriller', 'Thriller film, also known as suspense film or suspense thriller, is a broad film genre that involves excitement and suspense in the audience. Tension is created by delaying what the audience sees as inevitable, and is built through situations that are menacing or where escape seems impossible.');
INSERT INTO public.genres (genreid, name, description) VALUES (33, 'Drama', 'The drama genre features stories with high stakes and a lot of conflicts. They''re plot-driven and demand that every character and scene move the story forward. Dramas follow a clearly defined narrative plot structure, portraying real-life scenarios or extreme situations with emotionally-driven characters.');
INSERT INTO public.genres (genreid, name, description) VALUES (34, 'Adventure', 'Adventure movies are a genre of movies. They contain many of the same features of action movies, but are usually set in exotic locations. The main theme is adventure, with the characters often exploring places they have not been before or doing things they have not done before.');
INSERT INTO public.genres (genreid, name, description) VALUES (35, 'Fantasy', 'Fantasy films are films that belong to the fantasy genre with fantastic themes, usually magic, supernatural events, mythology, folklore, or exotic fantasy worlds. The genre is considered a form of speculative fiction alongside science fiction films and horror films, although the genres do overlap.');
INSERT INTO public.genres (genreid, name, description) VALUES (36, 'Action', 'Action film is a film genre in which the protagonist or protagonists are thrust into a series of events that typically include violence, extended fighting, physical feats, rescues and frantic chases.');


--
-- TOC entry 3858 (class 0 OID 16426)
-- Dependencies: 206
-- Data for Name: movies; Type: TABLE DATA; Schema: public; Owner: postgres
--

INSERT INTO public.movies (movieid, title, description, directorid, genreid, imageurl, featured, release_year) VALUES (18, 'Harry Potter and the Sorcerers''s Stone', 'An orphaned boy enrolls in a school of wizardry, where he learns the truth about himself, his family and the terrible evil that haunts the magical world.', 30, 34, 'harrypotter.png', true, '2001');
INSERT INTO public.movies (movieid, title, description, directorid, genreid, imageurl, featured, release_year) VALUES (19, 'Lord of the Rings Trilogy', 'A meek Hobbit from the Shire and eight companions set out on a journey to destroy the powerful One Ring and save Middle-earth from the Dark Lord Sauron.', 31, 34, 'lordoftherings.png', true, '2001');
INSERT INTO public.movies (movieid, title, description, directorid, genreid, imageurl, featured, release_year) VALUES (20, 'The Green Mile', 'The lives of guards on Death Row are affected by one of their charges: a black man accused of child murder and rape, yet who has a mysterious gift.', 32, 33, 'thegreenmile.png', true, '1998');
INSERT INTO public.movies (movieid, title, description, directorid, genreid, imageurl, featured, release_year) VALUES (21, 'The Shawshank Redemption', 'Two imprisoned men bond over a number of years, finding solace and eventual redemption through acts of common decency.', 32, 33, 'theshawshankredemption.png', true, '1994');
INSERT INTO public.movies (movieid, title, description, directorid, genreid, imageurl, featured, release_year) VALUES (22, 'The Dark Knight', 'When the menace known as the Joker wreaks havoc and chaos on the people of Gotham, Batman must accept one of the greatest psychological and physical tests of his ability to fight injustice.', 33, 36, 'thedarkknight.png', true, '2008');
INSERT INTO public.movies (movieid, title, description, directorid, genreid, imageurl, featured, release_year) VALUES (23, 'Good Will Hunting', 'Will Hunting, a janitor at M.I.T., has a gift for mathematics, but needs help from a psychologist to find direction in his life.', 34, 33, 'goodwillhunting.png', true, '1997');
INSERT INTO public.movies (movieid, title, description, directorid, genreid, imageurl, featured, release_year) VALUES (24, 'The Godfather', 'The aging patriarch of an organized crime dynasty in postwar New York City transfers control of his clandestine empire to his reluctant youngest son.', 35, 33, 'thegodfather.png', true, '1972');
INSERT INTO public.movies (movieid, title, description, directorid, genreid, imageurl, featured, release_year) VALUES (25, 'Fight Club', 'An insomniac office worker and a devil-may-care soap maker form an underground fight club that evolves into much more.', 36, 33, 'fightclub.png', true, '1999');
INSERT INTO public.movies (movieid, title, description, directorid, genreid, imageurl, featured, release_year) VALUES (26, 'Inception', 'A thief who steals corporate secrets through the use of dream-sharing technology is given the inverse task of planting an idea into the mind of a C.E.O., but his tragic past may doom the project and his team to disaster.', 33, 36, 'inception.png', true, '2010');


--
-- TOC entry 3860 (class 0 OID 16434)
-- Dependencies: 208
-- Data for Name: user_movies; Type: TABLE DATA; Schema: public; Owner: postgres
--

INSERT INTO public.user_movies (usermovieid, userid, movieid) VALUES (2, 1, 22);
INSERT INTO public.user_movies (usermovieid, userid, movieid) VALUES (3, 2, 25);
INSERT INTO public.user_movies (usermovieid, userid, movieid) VALUES (4, 3, 24);


--
-- TOC entry 3862 (class 0 OID 16439)
-- Dependencies: 210
-- Data for Name: users; Type: TABLE DATA; Schema: public; Owner: postgres
--

INSERT INTO public.users (userid, username, password, email, birth_date) VALUES (2, 'marshallmathers', 'detroit313', 'marshallmathers@gmail.com', '1972-10-17');
INSERT INTO public.users (userid, username, password, email, birth_date) VALUES (3, 'notorious', 'eastside123', 'big@gmail.com', '1972-05-21');
INSERT INTO public.users (userid, username, password, email, birth_date) VALUES (1, 'tupac', 'westside123', 'tashakur@yahoo.com', '1971-06-16');


--
-- TOC entry 3875 (class 0 OID 0)
-- Dependencies: 203
-- Name: directors_directorid_seq; Type: SEQUENCE SET; Schema: public; Owner: postgres
--

SELECT pg_catalog.setval('public.directors_directorid_seq', 37, true);


--
-- TOC entry 3876 (class 0 OID 0)
-- Dependencies: 205
-- Name: genres_genreid_seq; Type: SEQUENCE SET; Schema: public; Owner: postgres
--

SELECT pg_catalog.setval('public.genres_genreid_seq', 36, true);


--
-- TOC entry 3877 (class 0 OID 0)
-- Dependencies: 207
-- Name: movies_movieid_seq; Type: SEQUENCE SET; Schema: public; Owner: postgres
--

SELECT pg_catalog.setval('public.movies_movieid_seq', 27, true);


--
-- TOC entry 3878 (class 0 OID 0)
-- Dependencies: 209
-- Name: user_movies_usermovieid_seq; Type: SEQUENCE SET; Schema: public; Owner: postgres
--

SELECT pg_catalog.setval('public.user_movies_usermovieid_seq', 4, true);


--
-- TOC entry 3879 (class 0 OID 0)
-- Dependencies: 211
-- Name: users_userid_seq; Type: SEQUENCE SET; Schema: public; Owner: postgres
--

SELECT pg_catalog.setval('public.users_userid_seq', 3, true);


--
-- TOC entry 3715 (class 2606 OID 16450)
-- Name: directors directors_pkey; Type: CONSTRAINT; Schema: public; Owner: postgres
--

ALTER TABLE ONLY public.directors
    ADD CONSTRAINT directors_pkey PRIMARY KEY (directorid);


--
-- TOC entry 3717 (class 2606 OID 16452)
-- Name: genres genres_pkey; Type: CONSTRAINT; Schema: public; Owner: postgres
--

ALTER TABLE ONLY public.genres
    ADD CONSTRAINT genres_pkey PRIMARY KEY (genreid);


--
-- TOC entry 3719 (class 2606 OID 16454)
-- Name: movies movies_pkey; Type: CONSTRAINT; Schema: public; Owner: postgres
--

ALTER TABLE ONLY public.movies
    ADD CONSTRAINT movies_pkey PRIMARY KEY (movieid);


--
-- TOC entry 3721 (class 2606 OID 16456)
-- Name: user_movies user_movies_pkey; Type: CONSTRAINT; Schema: public; Owner: postgres
--

ALTER TABLE ONLY public.user_movies
    ADD CONSTRAINT user_movies_pkey PRIMARY KEY (usermovieid);


--
-- TOC entry 3723 (class 2606 OID 16458)
-- Name: users users_pkey; Type: CONSTRAINT; Schema: public; Owner: postgres
--

ALTER TABLE ONLY public.users
    ADD CONSTRAINT users_pkey PRIMARY KEY (userid);


--
-- TOC entry 3724 (class 2606 OID 16459)
-- Name: movies directorkey; Type: FK CONSTRAINT; Schema: public; Owner: postgres
--

ALTER TABLE ONLY public.movies
    ADD CONSTRAINT directorkey FOREIGN KEY (directorid) REFERENCES public.directors(directorid);


--
-- TOC entry 3725 (class 2606 OID 16464)
-- Name: movies genrekey; Type: FK CONSTRAINT; Schema: public; Owner: postgres
--

ALTER TABLE ONLY public.movies
    ADD CONSTRAINT genrekey FOREIGN KEY (genreid) REFERENCES public.genres(genreid);


--
-- TOC entry 3726 (class 2606 OID 16469)
-- Name: user_movies moviekey; Type: FK CONSTRAINT; Schema: public; Owner: postgres
--

ALTER TABLE ONLY public.user_movies
    ADD CONSTRAINT moviekey FOREIGN KEY (movieid) REFERENCES public.movies(movieid);


--
-- TOC entry 3727 (class 2606 OID 16474)
-- Name: user_movies userkey; Type: FK CONSTRAINT; Schema: public; Owner: postgres
--

ALTER TABLE ONLY public.user_movies
    ADD CONSTRAINT userkey FOREIGN KEY (userid) REFERENCES public.users(userid);


--
-- TOC entry 3869 (class 0 OID 0)
-- Dependencies: 3
-- Name: SCHEMA public; Type: ACL; Schema: -; Owner: postgres
--

REVOKE ALL ON SCHEMA public FROM rdsadmin;
REVOKE ALL ON SCHEMA public FROM PUBLIC;
GRANT ALL ON SCHEMA public TO postgres;
GRANT ALL ON SCHEMA public TO PUBLIC;


-- Completed on 2021-11-08 17:13:26

--
-- PostgreSQL database dump complete
--

